<?xml version="1.0" encoding="UTF-8"?>
<project-private xmlns="http://www.netbeans.org/ns/project-private/1">
    <editor-bookmarks xmlns="http://www.netbeans.org/ns/editor-bookmarks/2" lastBookmarkId="0"/>
    <open-files xmlns="http://www.netbeans.org/ns/projectui-open-files/2">
        <group>
            <file>file:/home/jm15/Archivos%20JAVA/Practica1_Arreglos/src/Controlador/Controlador_Guardar.java</file>
            <file>file:/home/jm15/Archivos%20JAVA/Practica1_Arreglos/src/Controlador/Controlador.java</file>
            <file>file:/home/jm15/Archivos%20JAVA/Practica1_Arreglos/src/Vista/Interfaz.java</file>
            <file>file:/home/jm15/Archivos%20JAVA/Practica1_Arreglos/src/Modelo/Empleado.java</file>
            <file>file:/home/jm15/Archivos%20JAVA/Practica1_Arreglos/src/Excepciones/Llena.java</file>
            <file>file:/home/jm15/Archivos%20JAVA/Practica1_Arreglos/src/Excepciones/Posicion.java</file>
            <file>file:/home/jm15/Archivos%20JAVA/Practica1_Arreglos/src/Modelo/Categoria.java</file>
            <file>file:/home/jm15/Archivos%20JAVA/Practica1_Arreglos/src/Excepciones/Vacia.java</file>
            <file>file:/home/jm15/Archivos%20JAVA/Practica1_Arreglos/src/Modelo/Tabla.java</file>
        </group>
    </open-files>
</project-private>
